运单号,快递公司,操作人,入库时间,入库状态,入库重量,出库时间,出库状态,出库重量
SF3162112463178,,,,,,2025-05-05 10:56:25,拍照成功,14.47Kg
SF2043591889076,,,,,,2025-05-05 10:56:33,拍照成功,12.34Kg
SF3163136593983,,,,,,2025-05-05 10:56:40,拍照成功,18.78Kg
773352999666086,,,,,,2025-05-05 11:32:31,拍照成功,2.94Kg
JT5374111201761,,,,,,2025-05-05 11:33:21,拍照成功,0.22Kg
JT5373977967777,,,,,,2025-05-05 11:33:39,拍照成功,0.48Kg
JT5374355208428,,,,,,2025-05-05 11:33:50,拍照成功,1.48Kg
JT5374273000078,,,,,,2025-05-05 11:33:59,拍照成功,1.16Kg
JT5374273000078,,,,,,2025-05-05 11:34:32,拍照成功,1.43Kg
73552493431445,,,,,,2025-05-05 11:34:42,拍照成功,1.23Kg
JT5373985148051,,,,,,2025-05-05 11:36:18,拍照成功,0.2Kg
JT5374231706474,,,,,,2025-05-05 11:36:21,拍照成功,0.27Kg
JT5374207374504,,,,,,2025-05-05 11:36:24,拍照成功,0.87Kg
JT5373353932103,,,,,,2025-05-05 11:36:28,拍照成功,0.42Kg
JT5374367247064,,,,,,2025-05-05 11:36:32,拍照成功,0.31Kg
JT5374002779364,,,,,,2025-05-05 11:36:39,拍照成功,0.22Kg
JT5374127375057,,,,,,2025-05-05 11:36:41,拍照成功,0.61Kg
JT5374204572454,,,,,,2025-05-05 11:36:49,拍照成功,0.38Kg
JT5374428743513,,,,,,2025-05-05 11:36:54,拍照成功,0.68Kg
JT5374143904601,,,,,,2025-05-05 11:37:03,拍照成功,1.95Kg
JT5374279842505,,,,,,2025-05-05 11:37:05,拍照成功,0.65Kg
JT5374182502839,,,,,,2025-05-05 11:37:09,拍照成功,0.88Kg
JT5374445741969,,,,,,2025-05-05 11:37:17,拍照成功,0.86Kg
JT5374328809656,,,,,,2025-05-05 11:37:21,拍照成功,0.16Kg
JT5374325249904,,,,,,2025-05-05 11:37:25,拍照成功,0.4Kg
JT5373450214878,,,,,,2025-05-05 11:37:32,拍照成功,0.63Kg
JT5374147457779,,,,,,2025-05-05 11:37:34,拍照成功,0.59Kg
JT5374302047218,,,,,,2025-05-05 11:37:36,拍照成功,0.67Kg
JT5374275093197,,,,,,2025-05-05 11:37:39,拍照成功,1.21Kg
JT5373998467447,,,,,,2025-05-05 11:37:45,拍照成功,0.38Kg
JT3118325359231,,,,,,2025-05-05 11:37:59,拍照成功,0.38Kg
JT5374135395676,,,,,,2025-05-05 11:38:01,拍照成功,0.93Kg
JT5373401623488,,,,,,2025-05-05 11:38:08,拍照成功,0.18Kg
JT5374008411875,,,,,,2025-05-05 11:38:09,拍照成功,0.88Kg
JT5373417263189,,,,,,2025-05-05 11:38:15,拍照成功,0.71Kg
JT5373419132544,,,,,,2025-05-05 11:38:17,拍照成功,0.85Kg
JT5374177181625,,,,,,2025-05-05 11:38:21,拍照成功,0.05Kg
JT5373372072953,,,,,,2025-05-05 11:38:25,拍照成功,0.55Kg
JT5374197944646,,,,,,2025-05-05 11:38:32,拍照成功,0.27Kg
JT5374034016911,,,,,,2025-05-05 11:38:35,拍照成功,0.55Kg
JT5374401913145,,,,,,2025-05-05 11:38:37,拍照成功,0.81Kg
JT5374338364243,,,,,,2025-05-05 11:38:44,拍照成功,0.59Kg
JT5374209546153,,,,,,2025-05-05 11:38:45,拍照成功,1.03Kg
JT5373985968777,,,,,,2025-05-05 11:38:51,拍照成功,0.53Kg
JT5374199951345,,,,,,2025-05-05 11:38:53,拍照成功,1.17Kg
JT5374404967244,,,,,,2025-05-05 11:39:04,拍照成功,0.35Kg
JT5374130913962,,,,,,2025-05-05 11:39:12,拍照成功,0.37Kg
JT5374435384121,,,,,,2025-05-05 11:39:16,拍照成功,0.25Kg
JT5373381157376,,,,,,2025-05-05 11:39:18,拍照成功,0.27Kg
JT5373421855240,,,,,,2025-05-05 11:39:21,拍照成功,0.59Kg
JT5374380701116,,,,,,2025-05-05 11:39:25,拍照成功,0.11Kg
JT5374260071168,,,,,,2025-05-05 11:39:28,拍照成功,0.78Kg
JT5374311016497,,,,,,2025-05-05 11:39:33,拍照成功,0.8Kg
JT5373428608735,,,,,,2025-05-05 11:39:37,拍照成功,0.24Kg
JT5373281489413,,,,,,2025-05-05 11:39:40,拍照成功,0.71Kg
JT5373297734655,,,,,,2025-05-05 11:39:46,拍照成功,0.39Kg
JT5373441430610,,,,,,2025-05-05 11:39:49,拍照成功,1.48Kg
JT5374380134522,,,,,,2025-05-05 11:39:55,拍照成功,1.04Kg
JT5373279838044,,,,,,2025-05-05 11:39:58,拍照成功,1.71Kg
JT5373424036180,,,,,,2025-05-05 11:40:06,拍照成功,0.78Kg
JT5374208805548,,,,,,2025-05-05 11:40:09,拍照成功,0.69Kg
JT5374317386260,,,,,,2025-05-05 11:40:11,拍照成功,0.89Kg
JT5374440232805,,,,,,2025-05-05 11:40:14,拍照成功,1.32Kg
JT5374326845901,,,,,,2025-05-05 11:40:21,拍照成功,0.95Kg
JT5374445160404,,,,,,2025-05-05 11:40:25,拍照成功,0.25Kg
JT5373128255777,,,,,,2025-05-05 11:40:27,拍照成功,0.35Kg
JT5374285089790,,,,,,2025-05-05 11:40:30,拍照成功,0.22Kg
JT5374405545249,,,,,,2025-05-05 11:40:37,拍照成功,0.21Kg
JT5374313704257,,,,,,2025-05-05 11:40:45,拍照成功,5.54Kg
JT5374439125111,,,,,,2025-05-05 11:40:51,拍照成功,1.36Kg
JT5374009809003,,,,,,2025-05-05 11:41:04,拍照成功,0.16Kg
JT5374202069735,,,,,,2025-05-05 11:41:08,拍照成功,0.35Kg
JT5374332442287,,,,,,2025-05-05 11:41:17,拍照成功,0.3Kg
JT5374373625483,,,,,,2025-05-05 11:41:21,拍照成功,0.36Kg
JT5374207517176,,,,,,2025-05-05 11:41:23,拍照成功,0.55Kg
JT5373421912501,,,,,,2025-05-05 11:41:25,拍照成功,0.62Kg
JT5374447003427,,,,,,2025-05-05 11:41:29,拍照成功,1.26Kg
777303097942687,,,,,,2025-05-05 11:41:54,拍照成功,1.27Kg
777303694302796,,,,,,2025-05-05 11:41:58,拍照成功,0.99Kg
777303657608956,,,,,,2025-05-05 11:42:23,拍照成功,4.17Kg
YT8758596051908,,,,,,2025-05-05 11:42:43,拍照成功,1.09Kg
YT8759294953059,,,,,,2025-05-05 11:42:49,拍照成功,3.66Kg
8208045352913,,,,,,2025-05-05 11:43:07,拍照成功,0.03Kg
777303907897667,,,,,,2025-05-05 11:43:15,拍照成功,0.24Kg
777303913949487,,,,,,2025-05-05 11:43:16,拍照成功,0.41Kg
777303948786235,,,,,,2025-05-05 11:43:19,拍照成功,0.46Kg
777303942171227,,,,,,2025-05-05 11:43:28,拍照成功,0.68Kg
777303003113604,,,,,,2025-05-05 11:43:30,拍照成功,0.62Kg
777303864482949,,,,,,2025-05-05 11:43:36,拍照成功,0.71Kg
773353070615810,,,,,,2025-05-05 11:43:37,拍照成功,2.76Kg
777303742023921,,,,,,2025-05-05 11:43:46,拍照成功,0.25Kg
777303861689234,,,,,,2025-05-05 11:43:49,拍照成功,0.68Kg
777303875632351,,,,,,2025-05-05 11:43:51,拍照成功,0.71Kg
777303972532237,,,,,,2025-05-05 11:43:53,拍照成功,1.22Kg
777303689063059,,,,,,2025-05-05 11:43:59,拍照成功,0.38Kg
777303799342855,,,,,,2025-05-05 11:44:02,拍照成功,1.94Kg
777303745619911,,,,,,2025-05-05 11:44:09,拍照成功,0.65Kg
777303849171410,,,,,,2025-05-05 11:44:10,拍照成功,0.89Kg
777303000385663,,,,,,2025-05-05 11:44:18,拍照成功,0.38Kg
777303102819408,,,,,,2025-05-05 11:44:21,拍照成功,0.39Kg
772040942201583,,,,,,2025-05-05 11:44:24,拍照成功,1.35Kg
777303990135775,,,,,,2025-05-05 11:44:32,拍照成功,0.4Kg
777303788923476,,,,,,2025-05-05 11:44:43,拍照成功,1.96Kg
777303979999084,,,,,,2025-05-05 11:44:48,拍照成功,0.05Kg
777303904489872,,,,,,2025-05-05 11:44:49,拍照成功,0.14Kg
777303928491367,,,,,,2025-05-05 11:44:51,拍照成功,0.17Kg
777303049701955,,,,,,2025-05-05 11:44:55,拍照成功,0.19Kg
777303898024176,,,,,,2025-05-05 11:44:59,拍照成功,0.31Kg
777303911047820,,,,,,2025-05-05 11:45:00,拍照成功,0.37Kg
777303861512265,,,,,,2025-05-05 11:45:05,拍照成功,1.97Kg
777303966853153,,,,,,2025-05-05 11:45:12,拍照成功,0.29Kg
777303808768970,,,,,,2025-05-05 11:45:13,拍照成功,0.38Kg
777303602211887,,,,,,2025-05-05 11:45:19,拍照成功,0.63Kg
777303143591596,,,,,,2025-05-05 11:45:25,拍照成功,0.83Kg
777303991948973,,,,,,2025-05-05 11:45:27,拍照成功,0.91Kg
777303802306710,,,,,,2025-05-05 11:45:43,拍照成功,0.32Kg
777303144971835,,,,,,2025-05-05 11:45:47,拍照成功,0.48Kg
777303738835208,,,,,,2025-05-05 11:45:49,拍照成功,0.5Kg
777303982838751,,,,,,2025-05-05 11:45:57,拍照成功,0.05Kg
777303137572517,,,,,,2025-05-05 11:45:59,拍照成功,0.23Kg
777303301654333,,,,,,2025-05-05 11:46:01,拍照成功,0.27Kg
777303123645722,,,,,,2025-05-05 11:46:07,拍照成功,0.42Kg
777303589836963,,,,,,2025-05-05 11:46:30,拍照成功,0.74Kg
777303825217200,,,,,,2025-05-05 11:46:46,拍照成功,1.07Kg
777303959795521,,,,,,2025-05-05 11:46:53,拍照成功,1.47Kg
777303911846492,,,,,,2025-05-05 11:46:57,拍照成功,0.07Kg
777303994266557,,,,,,2025-05-05 11:46:59,拍照成功,0.17Kg
777303131128073,,,,,,2025-05-05 11:47:01,拍照成功,0.35Kg
777303100698804,,,,,,2025-05-05 11:47:06,拍照成功,0.73Kg
777303186142953,,,,,,2025-05-05 11:47:07,拍照成功,0.78Kg
777303606180384,,,,,,2025-05-05 11:47:11,拍照成功,1.11Kg
773353023724401,,,,,,2025-05-05 11:47:16,拍照成功,1.78Kg
777303921523941,,,,,,2025-05-05 11:47:22,拍照成功,0.76Kg
777303853047253,,,,,,2025-05-05 11:47:32,拍照成功,0.11Kg
777303991948079,,,,,,2025-05-05 11:47:35,拍照成功,0.08Kg
777303968345963,,,,,,2025-05-05 11:47:39,拍照成功,2.02Kg
777303127854032,,,,,,2025-05-05 11:47:46,拍照成功,0.42Kg
777302802550298,,,,,,2025-05-05 11:47:51,拍照成功,0.38Kg
777303140060084,,,,,,2025-05-05 11:47:53,拍照成功,0.53Kg
777303871244460,,,,,,2025-05-05 11:47:57,拍照成功,0.69Kg
777303073180706,,,,,,2025-05-05 11:48:03,拍照成功,0.17Kg
777303965369238,,,,,,2025-05-05 11:48:05,拍照成功,0.33Kg
777303141194324,,,,,,2025-05-05 11:48:06,拍照成功,0.55Kg
777303053191524,,,,,,2025-05-05 11:48:08,拍照成功,0.7Kg
777303973529629,,,,,,2025-05-05 11:48:10,拍照成功,0.76Kg
777303126846002,,,,,,2025-05-05 11:48:12,拍照成功,0.91Kg
777303096315265,,,,,,2025-05-05 11:48:14,拍照成功,1.06Kg
777303779462200,,,,,,2025-05-05 11:48:23,拍照成功,0.69Kg
777304001767468,,,,,,2025-05-05 11:48:25,拍照成功,0.75Kg
777302997840712,,,,,,2025-05-05 11:48:26,拍照成功,1.06Kg
777303694388009,,,,,,2025-05-05 11:48:31,拍照成功,1.21Kg
777303992918119,,,,,,2025-05-05 11:48:37,拍照成功,0.31Kg
777303081387614,,,,,,2025-05-05 11:48:39,拍照成功,0.41Kg
777303985017233,,,,,,2025-05-05 11:48:40,拍照成功,0.51Kg
777303991835124,,,,,,2025-05-05 11:48:42,拍照成功,0.56Kg
777303928924628,,,,,,2025-05-05 11:48:45,拍照成功,0.75Kg
777303593491361,,,,,,2025-05-05 11:48:55,拍照成功,2.5Kg
777303918520426,,,,,,2025-05-05 11:48:58,拍照成功,0.27Kg
777303948691662,,,,,,2025-05-05 11:49:02,拍照成功,0.97Kg
777303993697283,,,,,,2025-05-05 11:49:18,拍照成功,0.82Kg
78502074501180,,,,,,2025-05-05 11:49:31,拍照成功,1.32Kg
78502228707592,,,,,,2025-05-05 11:49:35,拍照成功,0.91Kg
78502364203874,,,,,,2025-05-05 11:49:52,拍照成功,3.54Kg
78502333946211,,,,,,2025-05-05 11:49:55,拍照成功,3.28Kg
78502370768531,,,,,,2025-05-05 11:50:14,拍照成功,0.77Kg
78502177625319,,,,,,2025-05-05 11:50:20,拍照成功,0.21Kg
78502132028890,,,,,,2025-05-05 11:50:22,拍照成功,0.23Kg
78502015995576,,,,,,2025-05-05 11:50:24,拍照成功,0.52Kg
78502343128976,,,,,,2025-05-05 11:50:27,拍照成功,0.82Kg
78502052784761,,,,,,2025-05-05 11:50:34,拍照成功,0.2Kg
78501840548972,,,,,,2025-05-05 11:50:36,拍照成功,0.33Kg
78502234637276,,,,,,2025-05-05 11:50:38,拍照成功,0.57Kg
78502218786701,,,,,,2025-05-05 11:50:41,拍照成功,1.14Kg
78502405288385,,,,,,2025-05-05 11:50:48,拍照成功,0.47Kg
78502413189635,,,,,,2025-05-05 11:50:50,拍照成功,0.48Kg
78502135790527,,,,,,2025-05-05 11:50:54,拍照成功,1.17Kg
78502239094407,,,,,,2025-05-05 11:51:01,拍照成功,0.24Kg
78502346987412,,,,,,2025-05-05 11:51:04,拍照成功,0.79Kg
YT7542677929771,,,,,,2025-05-05 11:51:22,拍照成功,2.82Kg
78502335931306,,,,,,2025-05-05 11:51:29,拍照成功,4.28Kg
YT8759070557428,,,,,,2025-05-05 11:51:45,拍照成功,1.29Kg
YT8759136782289,,,,,,2025-05-05 11:52:09,拍照成功,0.77Kg
YT8758462895296,,,,,,2025-05-05 11:52:11,拍照成功,1.33Kg
YT8758556943702,,,,,,2025-05-05 11:52:17,拍照成功,0.15Kg
YT8758482866290,,,,,,2025-05-05 11:52:20,拍照成功,0.27Kg
YT8758484143540,,,,,,2025-05-05 11:52:24,拍照成功,0.21Kg
YT8759325137962,,,,,,2025-05-05 11:52:27,拍照成功,0.28Kg
YT8758425029012,,,,,,2025-05-05 11:52:29,拍照成功,1.63Kg
YT8758475147953,,,,,,2025-05-05 11:52:35,拍照成功,0.04Kg
YT8759292792687,,,,,,2025-05-05 11:52:37,拍照成功,0.99Kg
YT8758384714196,,,,,,2025-05-05 11:52:43,拍照成功,0.19Kg
YT8759282014049,,,,,,2025-05-05 11:52:45,拍照成功,0.83Kg
YT8758431918483,,,,,,2025-05-05 11:52:50,拍照成功,0Kg
YT8758544665302,,,,,,2025-05-05 11:52:51,拍照成功,1.49Kg
YT8758405134479,,,,,,2025-05-05 11:52:59,拍照成功,0.09Kg
YT8758547250459,,,,,,2025-05-05 11:53:01,拍照成功,0.18Kg
YT8758659831694,,,,,,2025-05-05 11:53:07,拍照成功,0.48Kg
YT8758605356275,,,,,,2025-05-05 11:53:10,拍照成功,2.65Kg
YT8758482437007,,,,,,2025-05-05 11:53:20,拍照成功,0.53Kg
YT8758440437313,,,,,,2025-05-05 11:53:23,拍照成功,1.2Kg
YT8759004893499,,,,,,2025-05-05 11:54:31,拍照成功,0.14Kg
YT8758534131992,,,,,,2025-05-05 11:54:33,拍照成功,0.43Kg
YT8759125965662,,,,,,2025-05-05 11:54:40,拍照成功,0.18Kg
YT8758782155937,,,,,,2025-05-05 11:54:41,拍照成功,0.55Kg
YT8758407890018,,,,,,2025-05-05 11:54:49,拍照成功,0.27Kg
YT8758514145090,,,,,,2025-05-05 11:54:51,拍照成功,0.69Kg
YT8758523553026,,,,,,2025-05-05 11:54:52,拍照成功,0.94Kg
YT8759333486722,,,,,,2025-05-05 11:54:59,拍照成功,0.25Kg
YT8758452834906,,,,,,2025-05-05 11:55:01,拍照成功,0.46Kg
YT8759327413558,,,,,,2025-05-05 11:55:03,拍照成功,0.59Kg
YT8759315728019,,,,,,2025-05-05 11:55:09,拍照成功,1.12Kg
YT8759077567477,,,,,,2025-05-05 11:55:18,拍照成功,0.22Kg
YT8758777592280,,,,,,2025-05-05 11:55:20,拍照成功,0.46Kg
YT8758482766299,,,,,,2025-05-05 11:55:22,拍照成功,0.68Kg
YT7542417102143,,,,,,2025-05-05 11:55:31,拍照成功,1.45Kg
YT8758901361917,,,,,,2025-05-05 11:55:33,拍照成功,1.6Kg
YT8758582989420,,,,,,2025-05-05 11:55:35,拍照成功,2.03Kg
YT8758545272066,,,,,,2025-05-05 11:55:49,拍照成功,0.53Kg
YT8758638037716,,,,,,2025-05-05 11:55:52,拍照成功,2.33Kg
YT8758667862567,,,,,,2025-05-05 11:55:54,拍照成功,1.61Kg
YT8758567976135,,,,,,2025-05-05 11:56:03,拍照成功,6.73Kg
YT8759087257546,,,,,,2025-05-05 11:56:06,拍照成功,0.95Kg
YT8758430113591,,,,,,2025-05-05 11:56:07,拍照成功,1.08Kg
YT8759331792157,,,,,,2025-05-05 11:56:09,拍照成功,1.07Kg
YT8759256734384,,,,,,2025-05-05 11:56:13,拍照成功,1.2Kg
YT8758503549755,,,,,,2025-05-05 11:56:19,拍照成功,0.44Kg
YT8758600774049,,,,,,2025-05-05 11:56:26,拍照成功,0.62Kg
YT8758435345302,,,,,,2025-05-05 11:56:30,拍照成功,0.17Kg
YT8758521915011,,,,,,2025-05-05 11:56:32,拍照成功,0.46Kg
YT8758517250957,,,,,,2025-05-05 11:56:34,拍照成功,0.76Kg
YT7542676533403,,,,,,2025-05-05 11:56:41,拍照成功,2.66Kg
YT8758438427429,,,,,,2025-05-05 11:56:46,拍照成功,0.29Kg
YT8758481249621,,,,,,2025-05-05 11:56:49,拍照成功,0.81Kg
YT8758475183274,,,,,,2025-05-05 11:56:55,拍照成功,0.8Kg
YT8758427351052,,,,,,2025-05-05 11:56:58,拍照成功,1.02Kg
YT8758514247895,,,,,,2025-05-05 11:57:01,拍照成功,1.15Kg
YT8758674231136,,,,,,2025-05-05 11:57:06,拍照成功,0.31Kg
YT8758548209067,,,,,,2025-05-05 11:57:09,拍照成功,0.4Kg
YT8758434690126,,,,,,2025-05-05 11:57:11,拍照成功,0.81Kg
YT8758669085115,,,,,,2025-05-05 11:57:18,拍照成功,0.32Kg
YT8758384890995,,,,,,2025-05-05 11:57:22,拍照成功,0.57Kg
YT8758424355817,,,,,,2025-05-05 11:57:27,拍照成功,0.38Kg
YT8758400750535,,,,,,2025-05-05 11:57:30,拍照成功,0.46Kg
YT8758390667215,,,,,,2025-05-05 11:57:32,拍照成功,0.7Kg
YT8758484948620,,,,,,2025-05-05 11:57:35,拍照成功,0.87Kg
YT8758419328024,,,,,,2025-05-05 11:57:36,拍照成功,1.27Kg
YT8758420238613,,,,,,2025-05-05 11:57:39,拍照成功,1.21Kg
YT8758400042027,,,,,,2025-05-05 11:57:48,拍照成功,0.42Kg
YT8758412817899,,,,,,2025-05-05 11:57:51,拍照成功,0.64Kg
YT8758482761876,,,,,,2025-05-05 11:57:53,拍照成功,0.69Kg
YT8758450922470,,,,,,2025-05-05 11:57:56,拍照成功,0.72Kg
YT8758428526141,,,,,,2025-05-05 11:57:58,拍照成功,1.04Kg
YT8758510285349,,,,,,2025-05-05 11:58:00,拍照成功,1.28Kg
YT8758666927393,,,,,,2025-05-05 11:58:03,拍照成功,1.41Kg
YT8758444053832,,,,,,2025-05-05 11:58:07,拍照成功,1.46Kg
YT8758786630492,,,,,,2025-05-05 11:58:31,拍照成功,0.45Kg
78502378157008,,,,,,2025-05-05 11:59:32,拍照成功,0.22Kg
78502095034347,,,,,,2025-05-05 11:59:35,拍照成功,0.41Kg
78502130795074,,,,,,2025-05-05 11:59:37,拍照成功,0.59Kg
78502169047357,,,,,,2025-05-05 11:59:39,拍照成功,0.92Kg
78502343145827,,,,,,2025-05-05 11:59:44,拍照成功,0.28Kg
78501567772507,,,,,,2025-05-05 11:59:45,拍照成功,0.49Kg
78502286137643,,,,,,2025-05-05 11:59:54,拍照成功,1Kg
78502099553649,,,,,,2025-05-05 11:59:56,拍照成功,1.06Kg
78902838188330,,,,,,2025-05-05 12:00:00,拍照成功,3.87Kg
78502052100776,,,,,,2025-05-05 12:00:09,拍照成功,0.39Kg
78502067968779,,,,,,2025-05-05 12:00:11,拍照成功,0.51Kg
78502408071322,,,,,,2025-05-05 12:00:19,拍照成功,0.52Kg
78902855018452,,,,,,2025-05-05 12:00:20,拍照成功,1.3Kg
78502208036028,,,,,,2025-05-05 12:00:27,拍照成功,0.07Kg
78502098752498,,,,,,2025-05-05 12:00:29,拍照成功,0.19Kg
78502153850858,,,,,,2025-05-05 12:00:37,拍照成功,0.41Kg
78902760619026,,,,,,2025-05-05 12:00:39,拍照成功,0.58Kg
78502126996349,,,,,,2025-05-05 12:00:47,拍照成功,0.07Kg
78502148350481,,,,,,2025-05-05 12:00:50,拍照成功,0.12Kg
78501908771040,,,,,,2025-05-05 12:00:52,拍照成功,0.23Kg
78501880172647,,,,,,2025-05-05 12:00:53,拍照成功,0.45Kg
78502216337482,,,,,,2025-05-05 12:00:56,拍照成功,1.08Kg
78502348143008,,,,,,2025-05-05 12:00:57,拍照成功,1.26Kg
78502217187916,,,,,,2025-05-05 12:01:07,拍照成功,1.04Kg
78502041040317,,,,,,2025-05-05 12:01:09,拍照成功,1.57Kg
78502070676043,,,,,,2025-05-05 12:01:21,拍照成功,1.63Kg
78502333828004,,,,,,2025-05-05 12:01:26,拍照成功,0.35Kg
78502128048714,,,,,,2025-05-05 12:01:33,拍照成功,0.4Kg
78502192510166,,,,,,2025-05-05 12:01:35,拍照成功,0.4Kg
78502024921972,,,,,,2025-05-05 12:01:37,拍照成功,0.87Kg
78502332223838,,,,,,2025-05-05 12:01:44,拍照成功,0.42Kg
78502221043283,,,,,,2025-05-05 12:01:46,拍照成功,0.46Kg
78502193818939,,,,,,2025-05-05 12:01:47,拍照成功,1.43Kg
78502276107346,,,,,,2025-05-05 12:02:01,拍照成功,0.09Kg
78502221944795,,,,,,2025-05-05 12:02:02,拍照成功,0.48Kg
78502475052709,,,,,,2025-05-05 12:02:05,拍照成功,0.55Kg
78502025264206,,,,,,2025-05-05 12:02:07,拍照成功,1.18Kg
78902819161320,,,,,,2025-05-05 12:02:14,拍照成功,0.82Kg
78502143127363,,,,,,2025-05-05 12:02:16,拍照成功,1.05Kg
78502098799907,,,,,,2025-05-05 12:02:18,拍照成功,1.54Kg
78502367014851,,,,,,2025-05-05 12:02:27,拍照成功,0.25Kg
78502014298052,,,,,,2025-05-05 12:02:30,拍照成功,0.37Kg
78502193243416,,,,,,2025-05-05 12:02:46,拍照成功,1.18Kg
78502134576536,,,,,,2025-05-05 12:02:48,拍照成功,0.66Kg
78502347038270,,,,,,2025-05-05 12:02:52,拍照成功,0.68Kg
78502165045070,,,,,,2025-05-05 12:02:59,拍照成功,0.07Kg
78502196017225,,,,,,2025-05-05 12:03:02,拍照成功,0.26Kg
78502295141093,,,,,,2025-05-05 12:03:04,拍照成功,0.52Kg
78502213182805,,,,,,2025-05-05 12:03:08,拍照成功,1.06Kg
78502145799978,,,,,,2025-05-05 12:03:12,拍照成功,1.97Kg
78902756966272,,,,,,2025-05-05 12:03:19,拍照成功,1.64Kg
YT8758607529350,,,,,,2025-05-05 12:03:47,拍照成功,1.57Kg
YT8758899532854,,,,,,2025-05-05 12:03:50,拍照成功,0.69Kg
78502327694620,,,,,,2025-05-05 12:03:53,拍照成功,2.08Kg
YT8758576240962,,,,,,2025-05-05 12:04:08,拍照成功,2.85Kg
YT8758768886129,,,,,,2025-05-05 12:04:25,拍照成功,3.02Kg
YT8759104180121,,,,,,2025-05-05 12:04:30,拍照成功,2.83Kg
YT8758396434103,,,,,,2025-05-05 12:04:45,拍照成功,1.21Kg
YT8758535260574,,,,,,2025-05-05 12:04:51,拍照成功,0.3Kg
YT8759312216962,,,,,,2025-05-05 12:05:22,拍照成功,0.41Kg
YT8758559759724,,,,,,2025-05-05 12:05:24,拍照成功,0.8Kg
YT8758576081576,,,,,,2025-05-05 12:05:32,拍照成功,0.3Kg
YT8759248207678,,,,,,2025-05-05 12:05:35,拍照成功,0.73Kg
YT8758467599751,,,,,,2025-05-05 12:05:38,拍照成功,0.4Kg
YT8759104985973,,,,,,2025-05-05 12:05:48,拍照成功,1.55Kg
YT8759375931046,,,,,,2025-05-05 12:05:54,拍照成功,1.88Kg
YT8759117905117,,,,,,2025-05-05 12:05:59,拍照成功,0.27Kg
YT8759252368538,,,,,,2025-05-05 12:06:02,拍照成功,1.64Kg
YT8759269316098,,,,,,2025-05-05 12:06:08,拍照成功,0.07Kg
YT8759352399845,,,,,,2025-05-05 12:06:11,拍照成功,0.42Kg
YT8758607883612,,,,,,2025-05-05 12:06:13,拍照成功,0.95Kg
YT8759227073865,,,,,,2025-05-05 12:06:21,拍照成功,0.29Kg
YT8758523360017,,,,,,2025-05-05 12:06:23,拍照成功,0.33Kg
YT8758415411236,,,,,,2025-05-05 12:06:28,拍照成功,0.21Kg
YT8758478958264,,,,,,2025-05-05 12:06:33,拍照成功,0.4Kg
YT8758546001584,,,,,,2025-05-05 12:06:36,拍照成功,0.78Kg
YT8759120220450,,,,,,2025-05-05 12:06:42,拍照成功,1.25Kg
YT8758424690581,,,,,,2025-05-05 12:06:50,拍照成功,0.22Kg
YT8758521132645,,,,,,2025-05-05 12:06:53,拍照成功,0.2Kg
YT8758534298732,,,,,,2025-05-05 12:06:54,拍照成功,0.55Kg
YT8758442092868,,,,,,2025-05-05 12:06:56,拍照成功,0.6Kg
YT8758561667655,,,,,,2025-05-05 12:06:58,拍照成功,0.78Kg
YT8759376004798,,,,,,2025-05-05 12:07:04,拍照成功,1.5Kg
YT8758511361190,,,,,,2025-05-05 12:07:07,拍照成功,1.62Kg
YT8758598639188,,,,,,2025-05-05 12:07:13,拍照成功,0.27Kg
YT8758481400817,,,,,,2025-05-05 12:07:18,拍照成功,0.31Kg
YT8758513378002,,,,,,2025-05-05 12:07:28,拍照成功,0.19Kg
YT8759103170015,,,,,,2025-05-05 12:07:32,拍照成功,0.27Kg
YT8758519244552,,,,,,2025-05-05 12:07:35,拍照成功,0.22Kg
YT7542591035046,,,,,,2025-05-05 12:07:39,拍照成功,0.29Kg
YT8758420066661,,,,,,2025-05-05 12:07:44,拍照成功,0.28Kg
YT8758463035640,,,,,,2025-05-05 12:07:53,拍照成功,0.11Kg
YT8759273996921,,,,,,2025-05-05 12:07:55,拍照成功,0.14Kg
YT8758550495188,,,,,,2025-05-05 12:08:23,拍照成功,6.05Kg
YT8759229987065,,,,,,2025-05-05 12:08:49,拍照成功,4.6Kg
YT8758560920997,,,,,,2025-05-05 12:09:05,拍照成功,3.87Kg
YT8758441694577,,,,,,2025-05-05 12:09:51,拍照成功,0Kg
78501429254147,,,,,,2025-05-05 12:10:12,拍照成功,0Kg
YT8758427000718,,,,,,2025-05-05 12:10:37,拍照成功,0Kg
777303103384655,,,,,,2025-05-05 12:11:08,拍照成功,0Kg
JT5373760183759,,,,,,2025-05-05 12:11:35,拍照成功,0Kg
777303941086675,,,,,,2025-05-05 12:12:06,拍照成功,0Kg
JT5374438673483,,,,,,2025-05-05 13:23:22,拍照成功,2.67Kg
JT5374119009803,,,,,,2025-05-05 13:23:26,拍照成功,2.29Kg
JT5374220151702,,,,,,2025-05-05 13:23:33,拍照成功,2.5Kg
JT5374368172993,,,,,,2025-05-05 13:23:36,拍照成功,0.92Kg
JT5374375285505,,,,,,2025-05-05 13:24:24,拍照成功,1.84Kg
JT5374115030999,,,,,,2025-05-05 13:24:27,拍照成功,1.36Kg
9806901003539,,,,,,2025-05-05 13:24:30,拍照成功,0.04Kg
JT5373417938862,,,,,,2025-05-05 13:24:35,拍照成功,6.48Kg
JT5374193139189,,,,,,2025-05-05 13:25:30,拍照成功,0.09Kg
JT5374220160292,,,,,,2025-05-05 13:25:34,拍照成功,2.2Kg
JT3118286678659,,,,,,2025-05-05 13:25:39,拍照成功,4.19Kg
JT3118173047509,,,,,,2025-05-05 13:26:04,拍照成功,1.67Kg
9806886695354,,,,,,2025-05-05 13:26:09,拍照成功,3.31Kg
JT5374040058794,,,,,,2025-05-05 13:26:12,拍照成功,2.1Kg
9878839782160,,,,,,2025-05-05 13:29:19,拍照成功,1.33Kg
FXZM112JS01,,,,,,2025-05-05 13:29:24,拍照成功,2.34Kg
YT8758549130812,,,,,,2025-05-05 13:29:26,拍照成功,0Kg
9806874221138,,,,,,2025-05-05 13:29:53,拍照成功,0.26Kg
9806868107134,,,,,,2025-05-05 13:29:55,拍照成功,0.34Kg
9806906729711,,,,,,2025-05-05 13:29:57,拍照成功,0.49Kg
9806899329430,,,,,,2025-05-05 13:30:02,拍照成功,0.26Kg
9806894102851,,,,,,2025-05-05 13:30:03,拍照成功,0.69Kg
9806877576254,,,,,,2025-05-05 13:30:06,拍照成功,0.64Kg
9806879006343,,,,,,2025-05-05 13:30:09,拍照成功,0.78Kg
9806898201817,,,,,,2025-05-05 13:30:12,拍照成功,1.49Kg
9806876435080,,,,,,2025-05-05 13:30:16,拍照成功,0.51Kg
9806877325357,,,,,,2025-05-05 13:30:18,拍照成功,0.53Kg
9806888801183,,,,,,2025-05-05 13:30:20,拍照成功,1.34Kg
9806867009430,,,,,,2025-05-05 13:30:24,拍照成功,0.77Kg
9806898598187,,,,,,2025-05-05 13:30:29,拍照成功,1.52Kg
9806863371895,,,,,,2025-05-05 13:30:36,拍照成功,3.59Kg
9806883592628,,,,,,2025-05-05 13:30:39,拍照成功,0.31Kg
9806897658932,,,,,,2025-05-05 13:30:42,拍照成功,0.7Kg
9806887024596,,,,,,2025-05-05 13:30:44,拍照成功,0.96Kg
9806894300927,,,,,,2025-05-05 13:30:49,拍照成功,0.04Kg
9806871087773,,,,,,2025-05-05 13:30:55,拍照成功,0.18Kg
9806862134240,,,,,,2025-05-05 13:30:57,拍照成功,0.68Kg
9806872476309,,,,,,2025-05-05 13:31:01,拍照成功,0.73Kg
9806895888229,,,,,,2025-05-05 13:31:03,拍照成功,0.78Kg
9806877339595,,,,,,2025-05-05 13:31:05,拍照成功,0.89Kg
9806886129915,,,,,,2025-05-05 13:31:11,拍照成功,1.9Kg
9806874318190,,,,,,2025-05-05 13:31:17,拍照成功,0.15Kg
9806886460123,,,,,,2025-05-05 13:31:23,拍照成功,3.15Kg
9806884921863,,,,,,2025-05-05 13:31:28,拍照成功,0.72Kg
9806872787070,,,,,,2025-05-05 13:31:29,拍照成功,1.52Kg
9806873465221,,,,,,2025-05-05 13:31:35,拍照成功,2.62Kg
9806885118424,,,,,,2025-05-05 13:31:37,拍照成功,6.24Kg
9806902080969,,,,,,2025-05-05 13:31:43,拍照成功,3.24Kg
9806900928976,,,,,,2025-05-05 13:31:50,拍照成功,0.5Kg
9806896700898,,,,,,2025-05-05 13:31:54,拍照成功,0.09Kg
9806904390259,,,,,,2025-05-05 13:31:57,拍照成功,0.1Kg
9806905048796,,,,,,2025-05-05 13:32:03,拍照成功,0.07Kg
9806894041842,,,,,,2025-05-05 13:32:06,拍照成功,0.23Kg
9806885515496,,,,,,2025-05-05 13:32:10,拍照成功,1.99Kg
78502322182730,,,,,,2025-05-05 13:32:16,拍照成功,0Kg
9806893673632,,,,,,2025-05-05 13:33:35,拍照成功,3.47Kg
9806910926629,,,,,,2025-05-05 13:33:36,拍照成功,3.26Kg
9806900188967,,,,,,2025-05-05 13:33:38,拍照成功,4.15Kg
9806859467696,,,,,,2025-05-05 13:33:39,拍照成功,3.67Kg
9806904728947,,,,,,2025-05-05 13:33:41,拍照成功,4.55Kg
9806895389918,,,,,,2025-05-05 13:33:48,拍照成功,1.68Kg
9806901687185,,,,,,2025-05-05 13:33:49,拍照成功,1.71Kg
9806903487625,,,,,,2025-05-05 13:33:51,拍照成功,2.05Kg
9806900986821,,,,,,2025-05-05 13:33:54,拍照成功,2.17Kg
9806905725822,,,,,,2025-05-05 13:33:55,拍照成功,4.38Kg
9806896068700,,,,,,2025-05-05 13:34:01,拍照成功,1.38Kg
9806900845475,,,,,,2025-05-05 13:34:05,拍照成功,2.01Kg
9806907956916,,,,,,2025-05-05 13:34:16,拍照成功,2.53Kg
9806905842477,,,,,,2025-05-05 13:34:18,拍照成功,2.56Kg
9806888367490,,,,,,2025-05-05 13:34:20,拍照成功,3.04Kg
9806909583657,,,,,,2025-05-05 13:34:27,拍照成功,4.07Kg
9806906394308,,,,,,2025-05-05 13:34:37,拍照成功,0.44Kg
9806859468471,,,,,,2025-05-05 13:34:39,拍照成功,0.45Kg
9806902057854,,,,,,2025-05-05 13:34:43,拍照成功,0.76Kg
9806910958994,,,,,,2025-05-05 13:34:45,拍照成功,3.82Kg
9806894239258,,,,,,2025-05-05 13:34:53,拍照成功,0.49Kg
9806849350325,,,,,,2025-05-05 13:34:58,拍照成功,0.77Kg
9806892927187,,,,,,2025-05-05 13:35:02,拍照成功,0.28Kg
9806906347288,,,,,,2025-05-05 13:35:04,拍照成功,0.38Kg
9806910453598,,,,,,2025-05-05 13:35:06,拍照成功,0.44Kg
9806903969351,,,,,,2025-05-05 13:35:10,拍照成功,1.38Kg
9806895617838,,,,,,2025-05-05 13:35:26,拍照成功,0.51Kg
9806899561917,,,,,,2025-05-05 13:35:29,拍照成功,0.55Kg
777302022227486,,,,,,2025-05-05 14:16:46,拍照成功,0.17Kg
434554366788433,,,,,,2025-05-05 14:53:46,拍照成功,0.5Kg
464373859074094,,,,,,2025-05-05 14:53:49,拍照成功,0.16Kg
464373966093838,,,,,,2025-05-05 14:53:52,拍照成功,0.95Kg
464373344077133,,,,,,2025-05-05 14:53:56,拍照成功,0.57Kg
464373284908890,,,,,,2025-05-05 14:54:01,拍照成功,0.24Kg
464370712991607,,,,,,2025-05-05 14:54:03,拍照成功,0.3Kg
464373431821549,,,,,,2025-05-05 14:54:05,拍照成功,0.24Kg
464374270092989,,,,,,2025-05-05 14:54:07,拍照成功,0.31Kg
464373679741530,,,,,,2025-05-05 14:54:09,拍照成功,0.64Kg
464373598600726,,,,,,2025-05-05 14:54:12,拍照成功,1.16Kg
464374920409907,,,,,,2025-05-05 14:54:20,拍照成功,2.92Kg
464368945425418,,,,,,2025-05-05 14:54:28,拍照成功,0.51Kg
464371257044017,,,,,,2025-05-05 14:54:32,拍照成功,1.71Kg
464370411732642,,,,,,2025-05-05 14:54:37,拍照成功,2.08Kg
464373449953136,,,,,,2025-05-05 14:54:43,拍照成功,0.27Kg
434553508509209,,,,,,2025-05-05 14:54:45,拍照成功,0.39Kg
434555765257333,,,,,,2025-05-05 14:54:48,拍照成功,0.53Kg
464374142932306,,,,,,2025-05-05 14:54:51,拍照成功,0.1Kg
464374381099563,,,,,,2025-05-05 14:54:59,拍照成功,2.64Kg
464369801034369,,,,,,2025-05-05 14:55:04,拍照成功,1.17Kg
464375271844988,,,,,,2025-05-05 14:55:06,拍照成功,1.67Kg
464375325535757,,,,,,2025-05-05 14:55:12,拍照成功,0.62Kg
464374396763559,,,,,,2025-05-05 14:55:18,拍照成功,1.87Kg
464370606296714,,,,,,2025-05-05 14:55:20,拍照成功,0.85Kg
464369406724889,,,,,,2025-05-05 14:55:26,拍照成功,0.18Kg
464373146586201,,,,,,2025-05-05 14:55:28,拍照成功,0.32Kg
464374704510568,,,,,,2025-05-05 14:56:30,拍照成功,3.04Kg
464370550911205,,,,,,2025-05-05 14:56:58,拍照成功,0.07Kg
464375229170777,,,,,,2025-05-05 14:57:00,拍照成功,0.04Kg
464369439106106,,,,,,2025-05-05 14:57:02,拍照成功,0.36Kg
464372985292194,,,,,,2025-05-05 14:57:04,拍照成功,0.15Kg
464375278930650,,,,,,2025-05-05 14:57:06,拍照成功,0.6Kg
464373350540890,,,,,,2025-05-05 14:57:09,拍照成功,0.42Kg
464371121144707,,,,,,2025-05-05 14:57:12,拍照成功,3.47Kg
464369318188019,,,,,,2025-05-05 14:57:16,拍照成功,0.62Kg
464370462171029,,,,,,2025-05-05 14:57:21,拍照成功,0.23Kg
464375378859584,,,,,,2025-05-05 14:57:24,拍照成功,0.03Kg
464374362728713,,,,,,2025-05-05 14:57:26,拍照成功,0.07Kg
464375000622904,,,,,,2025-05-05 14:57:29,拍照成功,0.03Kg
434551854131101,,,,,,2025-05-05 14:57:31,拍照成功,0.27Kg
464375543600497,,,,,,2025-05-05 14:57:33,拍照成功,0.72Kg
464373994532845,,,,,,2025-05-05 14:57:35,拍照成功,0.2Kg
464373540521416,,,,,,2025-05-05 14:57:38,拍照成功,0.36Kg
464369587694918,,,,,,2025-05-05 14:57:41,拍照成功,0.23Kg
464373365192116,,,,,,2025-05-05 14:57:43,拍照成功,0.21Kg
464369162036004,,,,,,2025-05-05 14:57:46,拍照成功,0.13Kg
464374979449000,,,,,,2025-05-05 14:57:50,拍照成功,0.09Kg
464373751414750,,,,,,2025-05-05 14:57:54,拍照成功,0.27Kg
464370543597904,,,,,,2025-05-05 14:57:55,拍照成功,0.57Kg
464370154298760,,,,,,2025-05-05 14:57:57,拍照成功,0.16Kg
464373733177768,,,,,,2025-05-05 14:57:59,拍照成功,0.27Kg
464375448872866,,,,,,2025-05-05 14:58:02,拍照成功,0.16Kg
464370934976882,,,,,,2025-05-05 14:58:05,拍照成功,0.12Kg
434555401746367,,,,,,2025-05-05 14:58:09,拍照成功,0.31Kg
464369314289986,,,,,,2025-05-05 14:58:14,拍照成功,0.03Kg
464370248027364,,,,,,2025-05-05 14:58:17,拍照成功,0.13Kg
464369726016848,,,,,,2025-05-05 14:58:20,拍照成功,0.17Kg
464373822321807,,,,,,2025-05-05 14:58:22,拍照成功,0.1Kg
464375024397105,,,,,,2025-05-05 14:58:26,拍照成功,0.46Kg
464369714026608,,,,,,2025-05-05 14:58:33,拍照成功,0.14Kg
464373994629955,,,,,,2025-05-05 14:58:35,拍照成功,0.34Kg
464369362329029,,,,,,2025-05-05 14:58:38,拍照成功,0.03Kg
464374394398074,,,,,,2025-05-05 14:58:40,拍照成功,0.18Kg
464375198904363,,,,,,2025-05-05 14:58:45,拍照成功,0.04Kg
464370377807290,,,,,,2025-05-05 14:58:47,拍照成功,0.1Kg
464370262656245,,,,,,2025-05-05 14:58:49,拍照成功,0.42Kg
464375502358272,,,,,,2025-05-05 14:58:53,拍照成功,0.42Kg
464374944244988,,,,,,2025-05-05 14:58:54,拍照成功,0.21Kg
464371230462246,,,,,,2025-05-05 14:58:57,拍照成功,0.27Kg
464374134063675,,,,,,2025-05-05 14:59:01,拍照成功,0.16Kg
464369394063798,,,,,,2025-05-05 14:59:03,拍照成功,0.03Kg
464375404141211,,,,,,2025-05-05 14:59:04,拍照成功,1.35Kg
464369702540008,,,,,,2025-05-05 14:59:14,拍照成功,0.72Kg
464369338539132,,,,,,2025-05-05 14:59:16,拍照成功,0.26Kg
464374307401344,,,,,,2025-05-05 14:59:19,拍照成功,0.87Kg
464369683547180,,,,,,2025-05-05 14:59:22,拍照成功,0.29Kg
434555978003929,,,,,,2025-05-05 14:59:25,拍照成功,0.52Kg
464368944043370,,,,,,2025-05-05 14:59:31,拍照成功,2.43Kg
464373948667194,,,,,,2025-05-05 14:59:36,拍照成功,0.21Kg
464374845727332,,,,,,2025-05-05 14:59:38,拍照成功,0.25Kg
464369097214146,,,,,,2025-05-05 14:59:43,拍照成功,0.09Kg
464375218364041,,,,,,2025-05-05 14:59:44,拍照成功,0.25Kg
464370146291471,,,,,,2025-05-05 14:59:48,拍照成功,0.01Kg
464369454289593,,,,,,2025-05-05 14:59:50,拍照成功,0.06Kg
464369998534082,,,,,,2025-05-05 14:59:56,拍照成功,1.12Kg
464375221923260,,,,,,2025-05-05 14:59:59,拍照成功,0.2Kg
464375486897877,,,,,,2025-05-05 15:00:03,拍照成功,0.94Kg
464369105826842,,,,,,2025-05-05 15:00:05,拍照成功,0.07Kg
464373655145099,,,,,,2025-05-05 15:00:11,拍照成功,1.6Kg
464375312255059,,,,,,2025-05-05 15:00:13,拍照成功,0.19Kg
464373427060721,,,,,,2025-05-05 15:00:16,拍照成功,1.41Kg
464375360222466,,,,,,2025-05-05 15:00:24,拍照成功,0.5Kg
464375051972352,,,,,,2025-05-05 15:00:27,拍照成功,0.41Kg
464375167605507,,,,,,2025-05-05 15:00:29,拍照成功,1.1Kg
464371876256049,,,,,,2025-05-05 15:00:43,拍照成功,0.01Kg
464375015955979,,,,,,2025-05-05 15:00:44,拍照成功,0.16Kg
464375651109041,,,,,,2025-05-05 15:00:47,拍照成功,0.03Kg
464369996245774,,,,,,2025-05-05 15:00:53,拍照成功,1.17Kg
464369672994788,,,,,,2025-05-05 15:00:56,拍照成功,0.75Kg
464374619138789,,,,,,2025-05-05 15:01:06,拍照成功,0.05Kg
464371835889123,,,,,,2025-05-05 15:01:10,拍照成功,0.28Kg
464373917260490,,,,,,2025-05-05 15:01:12,拍照成功,0.15Kg
464375628908705,,,,,,2025-05-05 15:01:14,拍照成功,0.01Kg
464374781117825,,,,,,2025-05-05 15:01:19,拍照成功,0.03Kg
464371470363131,,,,,,2025-05-05 15:01:21,拍照成功,0.43Kg
464371422320086,,,,,,2025-05-05 15:01:24,拍照成功,0.13Kg
464371577065489,,,,,,2025-05-05 15:01:31,拍照成功,0.44Kg
464371647434243,,,,,,2025-05-05 15:01:34,拍照成功,0.55Kg
464370052441931,,,,,,2025-05-05 15:01:35,拍照成功,0.53Kg
464374261849987,,,,,,2025-05-05 15:01:42,拍照成功,0.11Kg
464369906989253,,,,,,2025-05-05 15:01:44,拍照成功,0.21Kg
464370128537197,,,,,,2025-05-05 15:01:46,拍照成功,0.26Kg
464375260922456,,,,,,2025-05-05 15:02:06,拍照成功,0.32Kg
78502355437833,,,,,,2025-05-05 16:37:13,拍照成功,0.63Kg
78502441502372,,,,,,2025-05-05 16:37:17,拍照成功,2.13Kg
78502336243008,,,,,,2025-05-05 16:37:21,拍照成功,0.82Kg
777303683009996,,,,,,2025-05-05 16:37:26,拍照成功,0.64Kg
JT5374044310525,,,,,,2025-05-05 16:37:30,拍照成功,1.39Kg
777303000061619,,,,,,2025-05-05 16:37:55,拍照成功,2.51Kg
78502223640504,,,,,,2025-05-05 16:38:02,拍照成功,2.17Kg
JT5373376622639,,,,,,2025-05-05 16:38:08,拍照成功,6.38Kg
9806901231612,,,,,,2025-05-05 16:38:39,拍照成功,1.36Kg
9806897645852,,,,,,2025-05-05 16:38:45,拍照成功,6.08Kg
777303125591138,,,,,,2025-05-05 16:39:11,拍照成功,6.96Kg
777303761368280,,,,,,2025-05-05 16:39:37,拍照成功,1.66Kg
78502232272469,,,,,,2025-05-05 16:40:19,拍照成功,0.17Kg
78502317948868,,,,,,2025-05-05 16:40:22,拍照成功,1.22Kg
9806904308362,,,,,,2025-05-05 16:40:31,拍照成功,1.28Kg
9806878433819,,,,,,2025-05-05 16:40:33,拍照成功,0.85Kg
9806904295033,,,,,,2025-05-05 16:40:37,拍照成功,0.51Kg
9806881422863,,,,,,2025-05-05 16:40:41,拍照成功,0.17Kg
9806907935410,,,,,,2025-05-05 16:40:45,拍照成功,0.57Kg
78502414708768,,,,,,2025-05-05 16:40:48,拍照成功,1.02Kg
9806900937646,,,,,,2025-05-05 16:40:50,拍照成功,1.23Kg
9806878941286,,,,,,2025-05-05 16:40:54,拍照成功,1.48Kg
9806901168667,,,,,,2025-05-05 16:40:58,拍照成功,0.73Kg
9806886077157,,,,,,2025-05-05 16:41:04,拍照成功,0.7Kg
9806879322554,,,,,,2025-05-05 16:41:07,拍照成功,0.9Kg
9806877891018,,,,,,2025-05-05 16:41:09,拍照成功,1.16Kg
9806905083446,,,,,,2025-05-05 16:41:12,拍照成功,1.02Kg
9806900655964,,,,,,2025-05-05 16:41:14,拍照成功,0.98Kg
JT5374228998961,,,,,,2025-05-05 16:41:19,拍照成功,0.48Kg
JT5374006477833,,,,,,2025-05-05 16:41:25,拍照成功,1.2Kg
9806893088780,,,,,,2025-05-05 16:41:28,拍照成功,0.92Kg
JT5374177250522,,,,,,2025-05-05 16:41:30,拍照成功,1.26Kg
9878841074510,,,,,,2025-05-05 16:41:34,拍照成功,0.95Kg
9806906214990,,,,,,2025-05-05 16:41:39,拍照成功,0.31Kg
777303668719612,,,,,,2025-05-05 16:41:44,拍照成功,1.21Kg
JT5374029992142,,,,,,2025-05-05 16:41:49,拍照成功,3.46Kg
9806907972610,,,,,,2025-05-05 16:41:53,拍照成功,1.25Kg
9806895670849,,,,,,2025-05-05 16:41:56,拍照成功,0.85Kg
JT5374021117278,,,,,,2025-05-05 16:41:59,拍照成功,0.46Kg
9806893997392,,,,,,2025-05-05 16:42:02,拍照成功,1.08Kg
777303738277306,,,,,,2025-05-05 16:42:05,拍照成功,0.8Kg
JT5373980889917,,,,,,2025-05-05 16:42:09,拍照成功,1.25Kg
777303612718666,,,,,,2025-05-05 16:42:13,拍照成功,1.08Kg
777303941092995,,,,,,2025-05-05 16:42:15,拍照成功,1.25Kg
777303617974888,,,,,,2025-05-05 16:42:17,拍照成功,0.86Kg
777303130902850,,,,,,2025-05-05 16:42:22,拍照成功,0.33Kg
JT5374377424062,,,,,,2025-05-05 16:42:25,拍照成功,0.24Kg
JT5373760482770,,,,,,2025-05-05 16:42:28,拍照成功,1.04Kg
777303731029975,,,,,,2025-05-05 16:42:31,拍照成功,0.69Kg
777303830491441,,,,,,2025-05-05 16:42:34,拍照成功,0.96Kg
777303947802669,,,,,,2025-05-05 16:42:36,拍照成功,1.04Kg
YT8759370429030,,,,,,2025-05-05 16:42:40,拍照成功,1.2Kg
YT8758755972943,,,,,,2025-05-05 16:42:43,拍照成功,0.5Kg
YT8758415518759,,,,,,2025-05-05 16:42:46,拍照成功,0.37Kg
777303711768376,,,,,,2025-05-05 16:42:50,拍照成功,1.14Kg
777303949102155,,,,,,2025-05-05 16:42:54,拍照成功,0.41Kg
777303716161735,,,,,,2025-05-05 16:43:03,拍照成功,2.54Kg
YT8758403729631,,,,,,2025-05-05 16:43:08,拍照成功,1.46Kg
YT8758542865153,,,,,,2025-05-05 16:43:12,拍照成功,0.69Kg
YT8758582414812,,,,,,2025-05-05 16:43:15,拍照成功,0.58Kg
YT8758408589601,,,,,,2025-05-05 16:43:21,拍照成功,1.08Kg
777303904925445,,,,,,2025-05-05 16:43:24,拍照成功,0.99Kg
YT8758727132403,,,,,,2025-05-05 16:43:36,拍照成功,0.52Kg
YT8758530271315,,,,,,2025-05-05 16:43:40,拍照成功,0.99Kg
YT8758524466541,,,,,,2025-05-05 16:43:44,拍照成功,2.14Kg
777303592403305,,,,,,2025-05-05 16:43:47,拍照成功,0.48Kg
YT8758443202211,,,,,,2025-05-05 16:43:50,拍照成功,0.42Kg
YT8758484476428,,,,,,2025-05-05 16:43:54,拍照成功,0.11Kg
YT8758521928886,,,,,,2025-05-05 16:44:08,拍照成功,0Kg
78502380116428,,,,,,2025-05-05 16:44:15,拍照成功,0.96Kg
JT5374340082955,,,,,,2025-05-05 16:44:18,拍照成功,0.03Kg
YT8758506999353,,,,,,2025-05-05 16:44:21,拍照成功,0.07Kg
78502147184220,,,,,,2025-05-05 16:44:26,拍照成功,2.36Kg
YT8758498762298,,,,,,2025-05-05 16:44:30,拍照成功,0.63Kg
78502247817315,,,,,,2025-05-05 16:44:32,拍照成功,1.56Kg
78502385396467,,,,,,2025-05-05 16:44:38,拍照成功,0.19Kg
YT8758566422989,,,,,,2025-05-05 16:44:41,拍照成功,0.88Kg
78502233788863,,,,,,2025-05-05 16:44:43,拍照成功,0.77Kg
78902885150387,,,,,,2025-05-05 16:44:47,拍照成功,0.59Kg
78502278272792,,,,,,2025-05-05 16:44:53,拍照成功,0.16Kg
78502385339581,,,,,,2025-05-05 16:44:56,拍照成功,2.88Kg
YT8759232242995,,,,,,2025-05-05 16:45:03,拍照成功,0.96Kg
777303915092490,,,,,,2025-05-05 16:45:10,拍照成功,0.13Kg
78502167249762,,,,,,2025-05-05 16:45:14,拍照成功,0.65Kg
YT8758973273132,,,,,,2025-05-05 16:45:24,拍照成功,0Kg
9806891584301,,,,,,2025-05-05 16:57:09,拍照成功,1.37Kg
464374673876453,,,,,,2025-05-05 17:05:00,拍照成功,2.19Kg
